strategy,strategy_label,question_id,question,assessment,justification,top_3_chunk_ids,top_3_cosine_scores
A,Strategy A — Basic / Naive,Q1,What are the two main diagnostic criteria for Type 2 diabetes based on HbA1c and fasting plasma glucose?,YES,The top-ranked chunk contains both fasting plasma glucose and HbA1c diabetes-threshold rows.,A-0005-07bcbe8ffd7e; A-0006-7ef535af221e; A-0004-3fa6c034336a,0.686051; 0.553293; 0.537909
A,Strategy A — Basic / Naive,Q2,What HbA1c range indicates prediabetes?,YES,"The top-ranked chunk contains the HbA1c prediabetes row, 5.7%–6.4%.",A-0005-07bcbe8ffd7e; A-0006-7ef535af221e; A-0003-a4ce974569c5,0.654866; 0.537955; 0.451949
A,Strategy A — Basic / Naive,Q3,Name three first-line oral medications used to treat Type 2 diabetes.,PARTIAL,"The retrieved list names several oral drug classes, but the source identifies only metformin as usually first-line; it does not support three first-line drugs.",A-0008-e0845a9e3365; A-0007-6e2411ae681a; A-0016-87cac3422b14,0.513478; 0.472425; 0.449815
A,Strategy A — Basic / Naive,Q4,What are the classic symptoms of hyperglycemia?,YES,The top three include the Symptoms section with the listed symptoms attributed to elevated blood glucose (hyperglycemia).,A-0015-49986f36d5b3; A-0004-3fa6c034336a; A-0003-a4ce974569c5,0.607966; 0.598676; 0.510216
A,Strategy A — Basic / Naive,Q5,What lifestyle modifications are recommended for managing Type 2 diabetes?,YES,"The top-ranked chunk retrieves weight loss, physical activity, diet, smoking cessation, and limiting alcohol.",A-0007-6e2411ae681a; A-0016-87cac3422b14; A-0003-a4ce974569c5,0.805963; 0.723014; 0.578544
A,Strategy A — Basic / Naive,Q6,Name two microvascular complications of diabetes.,YES,The top-ranked chunk includes diabetic retinopathy and nephropathy in the microvascular list.,A-0010-67c9303af1f5; A-0015-49986f36d5b3; A-0004-3fa6c034336a,0.703740; 0.547574; 0.515167
A,Strategy A — Basic / Naive,Q7,Name two macrovascular complications of diabetes.,NO,"The top three retrieve microvascular complications, emergency care, and symptoms, but not the macrovascular complications section.",A-0010-67c9303af1f5; A-0015-49986f36d5b3; A-0004-3fa6c034336a,0.710891; 0.563804; 0.522560
A,Strategy A — Basic / Naive,Q8,How often should HbAlc be monitored in someone with stable Type 2 diabetes?,YES,"The top-ranked chunk includes HbA1c testing every 3–6 months, depending on how stable blood sugar control is.",A-0012-435402fcfee4; A-0006-7ef535af221e; A-0007-6e2411ae681a,0.597448; 0.586074; 0.559485
A,Strategy A — Basic / Naive,Q9,What blood glucose target range is recommended for most adults with Type 2 diabetes?,NO,"The retrieved diagnostic thresholds and monitoring advice do not give a target range for most adults; the reference contains no such target, and none is supplied from outside.",A-0006-7ef535af221e; A-0005-07bcbe8ffd7e; A-0003-a4ce974569c5,0.603296; 0.593283; 0.528342
A,Strategy A — Basic / Naive,Q10,What symptoms should prompt someone to seek emergency medical care?,YES,"The top three include the emergency-care list, covering very high glucose with associated symptoms, severe hypoglycemia, heart-attack or stroke signs, and a rapidly worsening foot wound.",A-0014-a0a910283bf6; A-0015-49986f36d5b3; A-0004-3fa6c034336a,0.497996; 0.359708; 0.352750
B,Strategy B — Advanced / Structure-aware,Q1,What are the two main diagnostic criteria for Type 2 diabetes based on HbA1c and fasting plasma glucose?,YES,The top-ranked Diagnostic Criteria section includes both fasting plasma glucose and HbA1c thresholds.,B-0005-68788bdeeea2; B-0001-83f9a27e3876; B-0004-9fe83a7745fd,0.692341; 0.572057; 0.531055
B,Strategy B — Advanced / Structure-aware,Q2,What HbA1c range indicates prediabetes?,YES,"The top-ranked Diagnostic Criteria section contains the HbA1c prediabetes row, 5.7%–6.4%.",B-0005-68788bdeeea2; B-0003-a032a7660b0d; B-0013-3b707f5300ed,0.620397; 0.457818; 0.449907
B,Strategy B — Advanced / Structure-aware,Q3,Name three first-line oral medications used to treat Type 2 diabetes.,PARTIAL,"The full oral-medication list is retrieved, but the source identifies only metformin as usually first-line; it does not support three first-line drugs.",B-0008-9911d60121b8; B-0001-83f9a27e3876; B-0016-0f8c3b57f44e,0.584283; 0.507673; 0.450083
B,Strategy B — Advanced / Structure-aware,Q4,What are the classic symptoms of hyperglycemia?,YES,The top three include the Symptoms section with the listed symptoms attributed to elevated blood glucose (hyperglycemia).,B-0015-de587498b6fe; B-0004-9fe83a7745fd; B-0005-68788bdeeea2,0.589477; 0.574968; 0.482185
B,Strategy B — Advanced / Structure-aware,Q5,What lifestyle modifications are recommended for managing Type 2 diabetes?,YES,"The top-ranked Lifestyle Modifications section retrieves weight loss, physical activity, diet, smoking cessation, and limiting alcohol.",B-0007-fde5cfe3f891; B-0016-0f8c3b57f44e; B-0014-2c72a303455e,0.825766; 0.686906; 0.659923
B,Strategy B — Advanced / Structure-aware,Q6,Name two microvascular complications of diabetes.,YES,The top-ranked Microvascular Complications section includes diabetic retinopathy and nephropathy.,B-0011-7d210413c505; B-0001-83f9a27e3876; B-0012-3f759e9bd651,0.677621; 0.553684; 0.546305
B,Strategy B — Advanced / Structure-aware,Q7,Name two macrovascular complications of diabetes.,YES,"Rank 2 retrieves the Macrovascular Complications section, including coronary artery disease and cerebrovascular disease.",B-0011-7d210413c505; B-0012-3f759e9bd651; B-0001-83f9a27e3876,0.625528; 0.569825; 0.545696
B,Strategy B — Advanced / Structure-aware,Q8,How often should HbAlc be monitored in someone with stable Type 2 diabetes?,YES,"The top-ranked Monitoring and Follow-up section states HbA1c testing every 3–6 months, depending on stability.",B-0013-3b707f5300ed; B-0014-2c72a303455e; B-0005-68788bdeeea2,0.696367; 0.576914; 0.569242
B,Strategy B — Advanced / Structure-aware,Q9,What blood glucose target range is recommended for most adults with Type 2 diabetes?,NO,"The retrieved diagnostic thresholds and monitoring advice do not give a target range for most adults; the reference contains no such target, and none is supplied from outside.",B-0005-68788bdeeea2; B-0001-83f9a27e3876; B-0003-a032a7660b0d,0.630577; 0.560584; 0.528442
B,Strategy B — Advanced / Structure-aware,Q10,What symptoms should prompt someone to seek emergency medical care?,YES,The top-ranked When to Seek Emergency Care section contains the emergency symptoms and conditions listed in the source.,B-0015-de587498b6fe; B-0014-2c72a303455e; B-0004-9fe83a7745fd,0.638971; 0.336283; 0.322556
